[
  {
    "id": 1754067641875,
    "nama": "adlyn",
    "email": "adlynalfarabi@gmail.com",
    "hp": "081373637852",
    "bukti": "1754067641146-77_merged.pdf",
    "status": "confirmed"
  },
  {
    "id": 1754067749289,
    "nama": "adlyn",
    "email": "adlynalfarabi@gmail.com",
    "hp": "081373637852",
    "bukti": "1754067748576-77_merged.pdf",
    "status": "used"
  },
  {
    "id": 1754073226680,
    "nama": "adlyn",
    "email": "adlynalfarabi@gmail.com",
    "hp": "081373637852",
    "bukti": "1754073226477-logo (3).jpg",
    "status": "confirmed"
  },
  {
    "id": 1754075720646,
    "nama": "adlyn",
    "email": "adlynalfarabi@gmail.com",
    "hp": "081373637852",
    "bukti": "1754075720440-logo (3).jpg",
    "status": "confirmed"
  },
  {
    "id": 1754076572820,
    "nama": "adlyn",
    "email": "adlynalfarabi@gmail.com",
    "hp": "081373637852",
    "bukti": "1754076572618-logo (3).jpg",
    "status": "used"
  },
  {
    "id": 1754077114798,
    "nama": "adlyn",
    "email": "adlynalfarabi@gmail.com",
    "hp": "081373637852",
    "bukti": "1754077114593-logo (2).jpg",
    "status": "confirmed"
  },
  {
    "id": 1754078282191,
    "nama": "adlyn",
    "email": "adlynalfarabi@gmail.com",
    "hp": "081373637852",
    "bukti": "1754078281977-logo (3).jpg",
    "status": "confirmed"
  },
  {
    "id": 1754079068828,
    "nama": "adlyn",
    "email": "lynalfarabi@gmail.com",
    "hp": "081373637852",
    "bukti": "1754079068628-logo (3).jpg",
    "status": "used"
  },
  {
    "id": 1754079349210,
    "nama": "adlyn",
    "email": "adlynalfarabi@gmail.com",
    "hp": "081373637852",
    "bukti": "1754079349137-logo (3).jpg",
    "status": "confirmed"
  },
  {
    "id": 1754079644440,
    "nama": "adlyn",
    "email": "adlynalfarabi@gmail.com",
    "hp": "081373637852",
    "bukti": "1754079644436-logo (2).jpg",
    "status": "confirmed"
  },
  {
    "id": 1754080919478,
    "nama": "adlyn",
    "email": "adlynalfarabi@gmail.com",
    "hp": "081373637852",
    "bukti": "1754080919278-logo (3).jpg",
    "status": "used"
  }
]